{
    "anims": [
        {
            "key": "idle",
            "type": "frame",
            "frames": [
                {
                    "key": "BunnyAllFramepng x5",
                    "frame": 0,
                    "duration": 0,
                    "keyframe": false
                },
                {
                    "key": "BunnyAllFramepng x5",
                    "frame": 1,
                    "duration": 0,
                    "keyframe": false
                },
                {
                    "key": "BunnyAllFramepng x5",
                    "frame": 2,
                    "duration": 0,
                    "keyframe": false
                },
                {
                    "key": "BunnyAllFramepng x5",
                    "frame": 3,
                    "duration": 0,
                    "keyframe": false
                },
                {
                    "key": "BunnyAllFramepng x5",
                    "frame": 4,
                    "duration": 0,
                    "keyframe": false
                },
                {
                    "key": "BunnyAllFramepng x5",
                    "frame": 5,
                    "duration": 0,
                    "keyframe": false
                }
            ],
            "frameRate": 12,
            "skipMissedFrames": true,
            "repeat": -1,
            "randomFrame": false
        },
        {
            "key": "run",
            "type": "frame",
            "frames": [
                {
                    "key": "BunnyAllFramepng x5",
                    "frame": 8,
                    "duration": 0,
                    "keyframe": false
                },
                {
                    "key": "BunnyAllFramepng x5",
                    "frame": 9,
                    "duration": 0,
                    "keyframe": false
                },
                {
                    "key": "BunnyAllFramepng x5",
                    "frame": 10,
                    "duration": 0,
                    "keyframe": false
                },
                {
                    "key": "BunnyAllFramepng x5",
                    "frame": 11,
                    "duration": 0,
                    "keyframe": false
                },
                {
                    "key": "BunnyAllFramepng x5",
                    "frame": 12,
                    "duration": 0,
                    "keyframe": false
                },
                {
                    "key": "BunnyAllFramepng x5",
                    "frame": 13,
                    "duration": 0,
                    "keyframe": false
                },
                {
                    "key": "BunnyAllFramepng x5",
                    "frame": 14,
                    "duration": 0,
                    "keyframe": false
                }
            ],
            "frameRate": 12,
            "skipMissedFrames": true,
            "repeat": -1,
            "randomFrame": false
        },
        {
            "key": "dash",
            "type": "frame",
            "frames": [
                {
                    "key": "BunnyAllFramepng x5",
                    "frame": 15,
                    "duration": 0,
                    "keyframe": false
                },
                {
                    "key": "BunnyAllFramepng x5",
                    "frame": 16,
                    "duration": 0,
                    "keyframe": false
                },
                {
                    "key": "BunnyAllFramepng x5",
                    "frame": 17,
                    "duration": 0,
                    "keyframe": false
                },
                {
                    "key": "BunnyAllFramepng x5",
                    "frame": 18,
                    "duration": 0,
                    "keyframe": false
                },
                {
                    "key": "BunnyAllFramepng x5",
                    "frame": 19,
                    "duration": 0,
                    "keyframe": false
                },
                {
                    "key": "BunnyAllFramepng x5",
                    "frame": 20,
                    "duration": 0,
                    "keyframe": false
                }
            ],
            "frameRate": 12,
            "skipMissedFrames": true,
            "repeat": -1,
            "randomFrame": false
        },
        {
            "key": "jump",
            "type": "frame",
            "frames": [
                {
                    "key": "BunnyAllFramepng x5",
                    "frame": 24,
                    "duration": 0,
                    "keyframe": false
                },
                {
                    "key": "BunnyAllFramepng x5",
                    "frame": 25,
                    "duration": 0,
                    "keyframe": false
                },
                {
                    "key": "BunnyAllFramepng x5",
                    "frame": 26,
                    "duration": 0,
                    "keyframe": false
                }
            ],
            "frameRate": 12,
            "skipMissedFrames": true,
            "repeat": -1,
            "randomFrame": false
        },
        {
            "key": "fall",
            "type": "frame",
            "frames": [
                {
                    "key": "BunnyAllFramepng x5",
                    "frame": 32,
                    "duration": 0,
                    "keyframe": false
                },
                {
                    "key": "BunnyAllFramepng x5",
                    "frame": 33,
                    "duration": 0,
                    "keyframe": false
                },
                {
                    "key": "BunnyAllFramepng x5",
                    "frame": 34,
                    "duration": 0,
                    "keyframe": false
                }
            ],
            "frameRate": 12,
            "skipMissedFrames": true,
            "repeat": -1,
            "randomFrame": false
        },
        {
            "key": "push",
            "type": "frame",
            "frames": [
                {
                    "key": "BunnyPush x5",
                    "frame": 0,
                    "duration": 0,
                    "keyframe": false
                },
                {
                    "key": "BunnyPush x5",
                    "frame": 1,
                    "duration": 0,
                    "keyframe": false
                }
            ],
            "frameRate": 3,
            "skipMissedFrames": true,
            "repeat": -1,
            "randomFrame": false
        }
    ],
    "globalTimeScale": 1,
    "meta": {
        "app": "Phaser Editor 2D v3",
        "contentType": "Phaser v3 Animations"
    },
    "settings": {
        "sourceLang": "JAVA_SCRIPT",
        "esModule": false,
        "generateCode": false
    }
}