{
    "anims": [
        {
            "key": "idle_rollor",
            "type": "frame",
            "frames": [
                {
                    "key": "Roller",
                    "frame": 0,
                    "duration": 0,
                    "keyframe": false
                },
                {
                    "key": "Roller",
                    "frame": 1,
                    "duration": 0,
                    "keyframe": false
                },
                {
                    "key": "Roller",
                    "frame": 2,
                    "duration": 0,
                    "keyframe": false
                },
                {
                    "key": "Roller",
                    "frame": 3,
                    "duration": 0,
                    "keyframe": false
                },
                {
                    "key": "Roller",
                    "frame": 4,
                    "duration": 0,
                    "keyframe": false
                },
                {
                    "key": "Roller",
                    "frame": 5,
                    "duration": 0,
                    "keyframe": false
                },
                {
                    "key": "Roller",
                    "frame": 6,
                    "duration": 0,
                    "keyframe": false
                }
            ],
            "frameRate": 6,
            "skipMissedFrames": true,
            "repeat": -1,
            "randomFrame": false
        },
        {
            "key": "run_roller",
            "type": "frame",
            "frames": [
                {
                    "key": "Roller",
                    "frame": 10,
                    "duration": 0,
                    "keyframe": false
                },
                {
                    "key": "Roller",
                    "frame": 11,
                    "duration": 0,
                    "keyframe": false
                },
                {
                    "key": "Roller",
                    "frame": 12,
                    "duration": 0,
                    "keyframe": false
                },
                {
                    "key": "Roller",
                    "frame": 13,
                    "duration": 0,
                    "keyframe": false
                },
                {
                    "key": "Roller",
                    "frame": 14,
                    "duration": 0,
                    "keyframe": false
                },
                {
                    "key": "Roller",
                    "frame": 15,
                    "duration": 0,
                    "keyframe": false
                },
                {
                    "key": "Roller",
                    "frame": 16,
                    "duration": 0,
                    "keyframe": false
                },
                {
                    "key": "Roller",
                    "frame": 17,
                    "duration": 0,
                    "keyframe": false
                },
                {
                    "key": "Roller",
                    "frame": 18,
                    "duration": 0,
                    "keyframe": false
                },
                {
                    "key": "Roller",
                    "frame": 19,
                    "duration": 0,
                    "keyframe": false
                }
            ],
            "frameRate": 6,
            "skipMissedFrames": true,
            "repeat": -1,
            "randomFrame": false
        }
    ],
    "globalTimeScale": 1,
    "meta": {
        "app": "Phaser Editor 2D v3",
        "contentType": "Phaser v3 Animations"
    },
    "settings": {
        "sourceLang": "JAVA_SCRIPT",
        "esModule": false,
        "generateCode": false
    }
}