{
    "section1": {
        "files": [
            {
                "url": "assets/BG/BG1.png",
                "type": "image",
                "key": "BG1"
            },
            {
                "url": "assets/BG/BG2.png",
                "type": "image",
                "key": "BG2"
            },
            {
                "url": "assets/BG/BG3.png",
                "type": "image",
                "key": "BG3"
            },
            {
                "url": "assets/BG/BG4.png",
                "type": "image",
                "key": "BG4"
            },
            {
                "url": "assets/BG/BG5.png",
                "type": "image",
                "key": "BG5"
            },
            {
                "url": "assets/BG/BG6.png",
                "type": "image",
                "key": "BG6"
            },
            {
                "url": "assets/BG/BG7.png",
                "type": "image",
                "key": "BG7"
            },
            {
                "url": [
                    "assets/Sound/BGM.mp3"
                ],
                "type": "audio",
                "key": "bgm"
            },
            {
                "url": "assets/Object/Box/Box_1.png",
                "type": "image",
                "key": "Box_1"
            },
            {
                "url": "assets/Object/Box/Box_2.png",
                "type": "image",
                "key": "Box_2"
            },
            {
                "url": "assets/BunnyAllFramepng x5.png",
                "frameConfig": {
                    "frameWidth": 80,
                    "frameHeight": 100,
                    "startFrame": 0,
                    "endFrame": -1,
                    "spacing": 0,
                    "margin": 0
                },
                "type": "spritesheet",
                "key": "BunnyAllFramepng x5"
            },
            {
                "url": "assets/Animtion/BunnyAni.json",
                "type": "animation",
                "key": "BunnyAni"
            },
            {
                "url": [
                    "assets/Sound/bunnyDieSnd.mp3"
                ],
                "type": "audio",
                "key": "bunnyDieSnd"
            },
            {
                "url": "assets/BunnyPush x5.png",
                "frameConfig": {
                    "frameWidth": 80,
                    "frameHeight": 100,
                    "startFrame": 0,
                    "endFrame": -1,
                    "spacing": 0,
                    "margin": 0
                },
                "type": "spritesheet",
                "key": "BunnyPush x5"
            },
            {
                "url": [
                    "assets/Sound/carrot.mp3"
                ],
                "type": "audio",
                "key": "powerUp"
            },
            {
                "url": "assets/TileSet/collisionsTileset.png",
                "type": "image",
                "key": "collisionsTileset"
            },
            {
                "url": "assets/dino.png",
                "key": "dino",
                "type": "image"
            },
            {
                "url": [
                    "assets/Sound/door.mp3"
                ],
                "type": "audio",
                "key": "doorSound"
            },
            {
                "url": [
                    "assets/Sound/enemy-death.mp3"
                ],
                "type": "audio",
                "key": "enemy-death"
            },
            {
                "url": "assets/Floor.png",
                "type": "image",
                "key": "Floor"
            },
            {
                "url": "assets/item/generator.png",
                "frameConfig": {
                    "frameWidth": 80,
                    "frameHeight": 80,
                    "startFrame": 0,
                    "endFrame": -1,
                    "spacing": 0,
                    "margin": 0
                },
                "type": "spritesheet",
                "key": "generator"
            },
            {
                "url": "assets/Animtion/GeneratorAnim.json",
                "type": "animation",
                "key": "GeneratorAnim"
            },
            {
                "url": "assets/TileSet/grass tileset.png",
                "type": "image",
                "key": "grass tileset"
            },
            {
                "url": [
                    "assets/Sound/hurt.mp3"
                ],
                "type": "audio",
                "key": "hurtSnd"
            },
            {
                "url": [
                    "assets/Sound/jumpSnd.mp3"
                ],
                "type": "audio",
                "key": "jumpSnd"
            },
            {
                "url": "assets/item/powerUp.png",
                "frameConfig": {
                    "frameWidth": 80,
                    "frameHeight": 80,
                    "startFrame": 0,
                    "endFrame": -1,
                    "spacing": 0,
                    "margin": 0
                },
                "type": "spritesheet",
                "key": "powerUp"
            },
            {
                "url": "assets/Animtion/PowerUpAnim.json",
                "type": "animation",
                "key": "PowerUpAnim"
            },
            {
                "url": "assets/Animtion/ProtalAnim.json",
                "type": "animation",
                "key": "ProtalAnim"
            },
            {
                "url": "assets/monster/Roller x5.png",
                "frameConfig": {
                    "frameWidth": 240,
                    "frameHeight": 240,
                    "startFrame": 0,
                    "endFrame": -1,
                    "spacing": 0,
                    "margin": 0
                },
                "type": "spritesheet",
                "key": "Roller"
            },
            {
                "url": "assets/Animtion/RollyAni.json",
                "type": "animation",
                "key": "RollyAni"
            },
            {
                "url": [
                    "assets/Sound/star.mp3"
                ],
                "type": "audio",
                "key": "star"
            },
            {
                "url": "assets/Portal/teleport.png",
                "frameConfig": {
                    "frameWidth": 64,
                    "frameHeight": 64,
                    "startFrame": 0,
                    "endFrame": -1,
                    "spacing": 0,
                    "margin": 0
                },
                "type": "spritesheet",
                "key": "teleport"
            },
            {
                "url": "assets/Portal/teleport inactivated.png",
                "frameConfig": {
                    "frameWidth": 64,
                    "frameHeight": 64,
                    "startFrame": 0,
                    "endFrame": -1,
                    "spacing": 0,
                    "margin": 0
                },
                "type": "spritesheet",
                "key": "teleport inactivated"
            }
        ]
    },
    "meta": {
        "app": "Phaser Editor 2D - Asset Pack Editor",
        "contentType": "phasereditor2d.pack.core.AssetContentType",
        "url": "https://phasereditor2d.com",
        "version": 2,
        "showAllFilesInBlocks": false,
        "visible": true
    }
}