{
    "section1": {
        "files": [
            {
                "url": "assets/BunnyAllFramepng x5.png",
                "frameConfig": {
                    "frameWidth": 80,
                    "frameHeight": 100,
                    "startFrame": 0,
                    "endFrame": -1,
                    "spacing": 0,
                    "margin": 0
                },
                "type": "spritesheet",
                "key": "BunnyAllFramepng x5"
            },
            {
                "url": "assets/dino.png",
                "key": "dino",
                "type": "image"
            }
        ]
    },
    "meta": {
        "app": "Phaser Editor 2D - Asset Pack Editor",
        "contentType": "phasereditor2d.pack.core.AssetContentType",
        "url": "https://phasereditor2d.com",
        "version": 2,
        "showAllFilesInBlocks": false,
        "visible": true
    }
}